,ProductName,ProductDescription,ProductIngredients,ProductPrice,href
0,Neutrogena Hydro Boost Hyaluronic Acid Water Gel 50g,"Neutrogena Hydro Boost Hyaluronic Acid Water Gel. This lightweight water gel is supercharged with skin-friendly ingredients - Hyaluronic Acid, Amino Acids and Electrolytes to deliver 5x more hydration* and help stregthen the skin's moisture barrier. Restores vitality for refresh, plump, glowing skin.  Neutrogena Hydro Boost Hyaluronic Acid Water Gel. This lightweight water gel is supercharged with skin-friendly ingredients - Hyaluronic Acid, Amino Acids and Electrolytes to deliver 5x more hydration* and help strengthen the skin's moisture barrier. Restores vitality for refresh, plump, glowing skin.With 1% Natural Moisturising Factor Complex - Natural Moisturising Factor (NMF) is skin's natural moisturising ingredients that help maintain skin hydration and elasticity. NMF gets depleted with age and exposure to external aggressors. Supercharged with NMF complex that mimics skin's natural hydration for refreshed, plump, glowing skin- Hyaluronic Acid helps to retain water to the skin for long lasting hydration- Amino Acids help support and strength skin's moisture barrier- Electrolytes known to boost ingredient absorption.Tested with visible resultsImmediately:- 97% agreed skin feels hydrated- 86% agreed skin feels smootherIn 4 weeks:- 67% agreed leaves skin glowing- 67% agreed skin feels plump- 67% agreed skin looks healthy.*compared to untreated control. Suitable For:  All skin types Product Claims:  1% Natural Moisturising Factor Complex: Hyaluronic Acid, Amino Acids and Electrolytes Gentle on skin: Dermatologist tested. Suitable for all skin types. Kind to planet: 100% recyclable outer packaging. Reuse jar thanks to our NEW Hydro Boost® refill pods. Neutrogena® Hydro Boost® Hyaluronic Acid Water GelThis lightweight water gel is supercharged with skin-friendly ingredients - Hyaluronic Acid, Amino Acids and Electrolytes to deliver 5x more hydration* and help strengthen the skin's moisture barrier. Restores vitality for refreshed, plump, glowing skin.*Compared to untreated control Tested with visible results:Immediately97% agreed skin feels hydrated86% agreed skin feels smootherIn 4 weeks67% agreed skin feels plump67% agreed leaves skin glowing67% agreed skin looks healthy This is a refillable jar, compatible with our NEW Hydro Boost® refill pod. RECOMMENDED REGIMEN:Cleanse + Treat + Moisturise + SPF Protection Natural Moisturising Factor (NMF) is skin's natural Moisturising ingredients that help maintain skin hydration and elasticity. NMF gets depleted with age and exposure to external aggressors.Supercharged with NMF complex that mimics skin's natural hydration for refreshed, plump, glowing skinHyaluronic acid helps to retain water to the skin for long lasting hydrationAmino acids help support and strengthen skin's moisture barrierElectrolytes known to boost ingredient absorption INTENSELY HYDRATING, LIGHTWEIGHT, REPLUMPING WATER GELDelivers 5x more hydration* for refreshed, plump glowing skin Size:  50g Fragrance:  AAK1474600 Riverena 2021 Shelf Life in Days:  1095 days KEY FEATURES  • Delivers 5x more hydration • Helps to strengthen the skin's moisture barrier. • Dermatologist tested. Suitable for all skin types. • 100% recyclable outer packaging.","Ingredients
Water, Glycerin, Dimethicone, Cetearyl Olivate, Sorbitan Olivate, Polyacrylate Crosspolymer-6, Betaine, Caprylyl Glycol, Synthetic Beeswax, Ethylhexylglycerin, Pentylene Glycol, Sodium PCA, Fructose, Dimethicone Crosspolymer, Sodium Hyaluronate, Dimethiconol, Sodium Lactate, Urea, Citric Acid, PCA, Fragrance, Sodium Hydroxide, Maltose, Serine, Alanine, Glycine, Sodium Chloride, Trehalose, Allantoin, Glutamic Acid, Lysine HCl, Threonine, Arginine, Glucose, Proline, CI 42090",$20.99$14.01 Off RRP!,https://www.chemistwarehouse.com.au/buy/119014/neutrogena-hydro-boost-hyaluronic-acid-water-gel-50g
1,Neutrogena Hydro Boost Hyaluronic Acid Serum 30mL,"Neutrogena Hydro Boost Hyaluronic Acid Serum instantly quenches for visibly smooth and supple skin. No added fragrance. 17% hydrating complex for smooth supple skin.  Neutrogena® Hydro Boost™ Hyaluronic Acid SerumOur unique formula with bursting hyaluronic pearls delivering our most concentrated hydrating serum yet. Infused with glycerin that delivers moisture 9 cell layers deep into the outer layer of the skin, to reveal smooth and supple skin.This light-weight hyaluronic acid serum contains 17% hydration complex that quickly absorbs into your skin.Infused with micro + macro hyaluronic acid to hydrate deeper into the skin surface, while pro-vitamin B5 and prebiotic technology help boost skin renewal and recovery, for healthy looking skin.17% hydration complex2 Sizes of Hyaluronic AcidPrebiotic TechnologyPro-Vitamin B5Barrier Boost Sugar ComplexGlycerinUnlock 4x the hydrating ingredients (compared to Hydro Boost Water gel alone) with the 3 step Hydro Boost Regime:1. CleanseHydro BoostWater Gel Cleanser2. BoostHydro BoostHyaluronic Acid Serum3. HydrateHydro Boost Water GelNon-comedogenicHypoallergenicSuitable for dry, sensitive skinNo added fragranceNo added parabensNo added mineral oil Hello Hydration Suitable For:  Suitable for dry, sensitive skin. Product Claims:  front:2 SIZES OFHYALURONIC ACID back:Instantly quenches for visibly smooth and supple skinFragrance free ¦ No added parabens or mineral oilNon-comedogenic ¦ Hypoallergenic5th panel:17% hydrating complex for smooth supple skinPREBIOTICS front:US DERMATOLOGIST RECOMMENDED BRAND NO ADDED FRAGRANCE instantly quenches for visiblysmooth and supple skin2 SIZES OF HA +B5 + PREBIOTICTECHNOLOGY right side:Non-comedogenicHypoallergenicSuitable for dry,sensitive skin No Added FragranceNo Added ParabensNo Added Mineral Oil back:Our unique formula with bursting hyaluronic pearls delivering our most concentrated hydrating serumyet. Infused with glycerin that delivers moisture 9cell layers deep into the outer layer of the skin, to reveal smooth and supple skin.This light-weight hyaluronic acid serum contains 17% hydration complex that quickly absorbs into your skin. Infused with micro + macro hyaluronic acid to hydrate deeper into the skin surface, while pro-vitamin B5 and prebiotic technology help boost skin renewal and recovery, for healthy looking skin.  17% HYDRATION COMPLEX2 Sizes of Hyaluronic AcidPrebiotic TechnologyPro-Vitamin B5Barrier Boost Sugar ComplexGlycerin left side:Unlock 4x the hydrating ingredients* with the 3 step Hydro Boost Regime:*compared to Hydro Boost Water Gel alone1. CLEANSEHydro BoostWater Gel Cleanser2. BOOSTHydro BoostHyaluronic Acid Serum3. HYDRATEHydro Boost Water Gel Size:  30mL Fragrance:  No Shelf Life in Days:  1095 days KEY FEATURES  • Hyaluronic Acid • 30mL Serum • 17% Hydrating Complex","Ingredients
Ingredients: Water, Glycerin, Butylene Glycol, Panthenol, Pentylene Glycol, Phenoxyethanol, Chlorphenesin, Acrylates/C10-30 Alkyl Acrylate Crosspolymer, Trehalose, Xylitylglucoside, Sodium Hyaluronate, Anhydroxylitol, Disodium EDTA, Sodium Hydroxide, Yeast Extract, Xylitol, Hydrolyzed Hyaluronic Acid, Caprylyl Glycol, Carrageenan, CI 77007, Agar, Potassium Chloride, CI 77891, Mica, Xanthan Gum Contains:  Dye/Colour, Preservatives, Sugar/Sweetener",$20.99$14.01 Off RRP!,https://www.chemistwarehouse.com.au/buy/111105/neutrogena-hydro-boost-hyaluronic-acid-serum-30ml
2,Neutrogena Rapid Wrinkle Repair Retinol Oil 30ml,"Ideal for an intermediate retinol user, Neutrogena Rapid Wrinkle Repair Retinol Oil is clinically proven to reduce the look of deep wrinkles and intensely nourish and replenish for radiant looking skin. Formulated for powerful retinol results with less irritation.  Ideal for an intermediate retinol user, Neutrogena Rapid Wrinkle Repair Retinol Oil is clinically proven to reduce the look of deep wrinkles and intensely nourish and replenish for radiant looking skin. This lightweight formulation contains 0.3% Pure Retinol, a dermatologist proven form of Vitamin A, that fights fine lines, dullness, wrinkles and dark spots.Formulated for powerful retinol results with less irritation, this fast-absorbing oil is suitable for dry skin. Clinically proven resultsHelps reduce the look of stubborn fine lines and deep wrinklesIntensely nourishes and renews the look of skin- Dermatologist Tested- Formulated without parabens, mineral oil and dyes Size:  30mL Shelf Life in Days:  1095 days KEY FEATURES  • Formulated for powerful retinol results with less irritation • Younger looking skin in 1 week • Clinically tested • Fights 4 types of wrinkles • Suitable for daily use","Ingredients
Isohexadecane, Dicaprylyl Carbonate, Pentaerythrityl Tetraethylhexanoate, PPG-15 Stearyl Ether, Triethyl Citrate, Polysorbate 20, Retinol, Fragrance, Tocopheryl Acetate, Bisabolol, BHT",$32.99$22.01 Off RRP!,https://www.chemistwarehouse.com.au/buy/93043/neutrogena-rapid-wrinkle-repair-retinol-oil-30ml
3,Neutrogena Advanced Acne Cleanser 150ml,"Neutrogena Advanced Acne Cleanser helps clear up spots for acne prone skin.  Neutrogena® Advanced Acne CleanserOur advanced technology gently cleanses your skin to help target the three signs of acne troubled skin - pimples, dark spots and uneven texture. Recommended to use with Neutrogena Advanced Acne Serum.4.5% Salicylic acid/AHA/PHA ComplexA complementary mix of ingredients to effectively help prevent acne and help target visible redness, spots and uneven texture. Clinically Proven Ingredients Exfoliates and improves uneven skin texture and encourages cell turnover. Effectively unclogs pores and dissolves excess oil. Formulated Without Parabens, sulphates, oils, soaps. Allergy tested. Dermatologically tested. Non comedogenic. Product Claims:  Dermatologically TestedHelps clear up spots4.5% Salicylic acid/AHA/PHA ComplexFor Acne prone skinNeutrogena® Advanced Acne CleanserOur advanced technology gently cleanses your skin to help target the three signs of acne troubled skin - pimples, dark spots and uneven texture.Recommended to use with Neutrogena Advanced Acne Serum.4.5% Salicylic acid/AHA/PHA ComplexA complementary mix of ingredients to effectively help prevent acne and help target visible redness, spots and uneven texture.Clinically Proven IngredientsExfoliates and improves uneven skin texture and encourages cell turnover. Effectively unclogs pores and dissolves excess oil.Formulated WithoutParabens, sulphates, oils, soaps.Allergy tested. Dermatologically tested.Non comedogenic. Size:  150mL Fragrance:  No Shelf Life in Days:  1095 days KEY FEATURES  • Acne Cleanser 150mL • 4.5% Salicylic Acid/AHA PHA Complex • Dermatologically Tested","Ingredients
Ingredients: Water, Sodium C14-16 Olefin Sulfonate, Cocamidopropyl Hydroxysultaine, Sorbitol, Gluconolactone, Glycolic Acid, Sodium Hydroxide, Salicylic Acid, Sodium Benzoate, Potassium Acrylates Copolymer, Disodium EDTA, Dipropylene Glycol, Ethyl Linalool, Methyldihydrojasmonate, Methyl Anthranilate, 3-Hexenol Active Ingredients:   Contains:  Preservatives",$12.39$8.61 Off RRP!,https://www.chemistwarehouse.com.au/buy/111523/neutrogena-advanced-acne-cleanser-150ml
4,Neutrogena Deep Clean Hydrating Foaming Cleanser 175g,"Neutrogena Deep Clean Hydrating Foaming Cleanser with hydrating acid complex. Gently cleanses to remove dirt, oil and impurities. For added hydration. Formulated for dry skin.  Neutrogena Deep Clean Hydrating Foaming CleanserSkin Loving IngredientsAmino Micellar: This pH balanced foaming formula cleanses deep into pores to remove dirt, oil and impurities without over drying or stripping the skin natural skin barrier.BenefitAdded hydration with Hydrating Acid Complex:Hyaluronic acid, PHA and Fatty Acids. Product Claims:  FOP:DERMATOLOGIST TESTED  2.5% Hydrating Acid ComplexGently cleanses to remove dirt, oil and impuritiesFor added hydrationFormulated for dry skin BOP:Skin Loving IngredientAmino Micellar (logo)This pH balanced foaming formula cleanses deep into pores to remove dirt, oil and impurities without over drying or stripping the skins natural skin barrier.BenefitHydrating Acid Complex PHA and Fatty Acids for added hydration. Dermatologist Tested Non-Comedogenic Size:  175g Shelf Life in Days:  1095 days KEY FEATURES  • Hyaluronic acid, PHA and Fatty Acids • Formulated for Dry Skin • Foaming Cleanser","Ingredients
Ingredients •  Water, Glycerin, Sodium Cocoyl Glycinate, Sodium Cocoyl Isethionate, Cocamidopropyl Betaine, Myristic Acid, Glycol Distearate, Acrylates Copolymer, Lauric Acid, PEG-120 Methyl Glucose Dioleate, Phenoxyethanol, Caprylyl Glycol, Chlorphenesin, Fragrance, Gluconolactone, Sodium Hydroxide, Hydroxyethylcellulose, Disodium EDTA, Sodium Hyaluronate",$10.39$9.61 Off RRP!,https://www.chemistwarehouse.com.au/buy/111526/neutrogena-deep-clean-hydrating-foaming-cleanser-175g
5,Neutrogena Bright Boost Resurfacing Micro Polish 75ml,"Neutrogena Bright Boost Resurfacing Micro Polish awakens 100% of dull skin cells for visibly refreshed, instantly brighter skin.  Dual action exfoliation removes skin-aging dullness and brings out radiance with 3x the polishing power of a normal scrub. Dual action exfoliation provides both gentle chemical and physical resurfacing. Formulated with naturally-derived skin smoothers and Glycolic and Mandelic AHAs to help dissolve impurities of dull skin for a visibly brighter, smoother look. Suitable for all skin tones. - Oil-free.- Alcohol-free.- Non-comedogenic. Formulated with: Accelerated Brightening Complex Provides dual action exfoliation with naturally-derived skin smoothers and Glycolic and Mandelic AHAs. This technology is clinically proven to work on all skin tones to resurface, brighten and smooth. Formulated to brighten the appearance of dull, tired looking skin. Helps smooth skin for a renewed, more radiant look today and tomorrow. Recommended Neutrogena Bright Boost daily Regimen to brighten, smooth, and helps restore luminosity to tired-looking, dull skin: Size:  75mL Shelf Life in Days:  1095 days","Ingredients
Water, Cetyl Alcohol, Cellulose, PPG-15 Stearyl Ether, Glycerin, Mandelic Acid, Glycolic Acid, Polysorbate 60, Steareth-21, Sodium Hydroxide, Potassium Cetyl Phosphate, Phenoxyethanol, Caprylyl Glycol, Fragrance, Xanthan Gum, Tocopheryl Acetate, Disodium EDTA.",$14.99$10.01 Off RRP!,https://www.chemistwarehouse.com.au/buy/99495/neutrogena-bright-boost-resurfacing-micro-polish-75ml
6,Neutrogena Hydro Boost Cleanser Gelee Milk 145ml,"Neutrogena Hydro Boost Gelee Milk Cleanser effectively cleanses, removes waterproof makeup and boosts skin's hydration with no rinsing. Dermatologically tested, this gelee milk with gentle cleansing Barriercare technology will melt onto your skin to effectively wipe away dirt, oil and make up without disrupting the skin barrier. With Hyaluronic Acid, the formula is clinically proven to boost skin's hydration levels and help lock it in, leaving skin refreshingly clean and hydrated, every time you cleanse. - Soap-free.- Oil-free.- No added parabens.- Non-comedogenic. - Suitable for sensitive skin.Barriercare technology. Size:  145g Shelf Life in Days:  730 days","Ingredients
Water, Glycerin, Butylene Glycol, Sodium Hydrolyzed Potato Starch Dodecenylsyccinate, Poloxamer 188, Polysorbate 20, Zea Mays (Corn) Starch, Hydroxyacetophenone, Acrylates/C10-30 Alkyl Acrylate Crosspolymer, Glyceryl Stearate, PEG-100 Stearate, Ethylhexylglycerin, Disodium EDTA, Sodium Polyacrylate, Sodium Hydroxide, Sodium Hyaluronate.",$11.99$8.01 Off RRP!,https://www.chemistwarehouse.com.au/buy/84454/neutrogena-hydro-boost-cleanser-gelee-milk-145ml
7,Neutrogena Micellar Cleansing Water 400ml,"Neutrogena Micellar Cleansing Water gently removes make-up and cleanses for soft, healthy looking skin.  This gentle cleansing water is powered by Triple Micellar Technology that works to:1. Remove all types of make-up, even waterproof mascara, without stripping.2. Effectively cleanse face, eyes and lips in one step without needing to rinse or rub off.3. Helps to soften and condition skin.Skin is left feeling soft and refreshed with no greasy residue. No rinse required. No harsh rubbing. - Oil-Free.- Fragrance Free.- Alcohol Free.- Hypoallergenic.- Non-Comedogenic.- Dermatologist Tested.- Ophthalmologist Tested.- No Added Parabens.- PH Balanced.- Triple micellar technology.- No rinse. NA Suitable For:  Suitable for normal to sensitive skin. Product Claims:  NANA Size:  NA Fragrance:  No Shelf Life in Days:  1095 days","Ingredients
NA",$8.99$6.50 Off RRP!,https://www.chemistwarehouse.com.au/buy/99498/neutrogena-micellar-cleansing-water-400ml
8,Neutrogena Deep Clean Gentle Foaming Cleanser 175g,"Neutrogena Deep Clean Gentle Foaming Cleanser with Amino Micellar Technology and CICA complex. Gently cleanses to remove dirt, oil and impurities. For added hydration. Formulated for dry skin.  Meet your perfect match, with our new range of skin loving cleansers. Our new Deep Clean Gentle Foaming Cleanser is formulated with CICA complex, known to calm sensitive skin.Our Gentle Foaming Cleanser is also formulated with Amino Micellar, a pH balanced foaming formula that cleanses deep into pores to remove dirt, oil and impurities without over drying or stripping the skins natural skin barrier. Formulated for sensitive skin, with no added fragrance.Our formula is developed with carefully selected ingredients and is dermatologist tested. Designed with the earth in mind with less plastic and a 100% recyclable tube. Product Claims:  FOP:DERMATOLOGIST TESTED  0.5% CICA ComplexGently cleanses to remove dirt, oil and impuritiesNo added fragranceFormulated for sensitive skin BOP:Skin Loving IngredientAmino Micellar (logo)This pH balanced foaming formula cleanses deep into pores to remove dirt, oil and impurities without over drying or stripping the skins natural skin barrier.BenefitCICA complex known to soothe and calm sensitive skin. Dermatologist Tested Non-Comedogenic Size:  175g Fragrance:  No Shelf Life in Days:  1065 days KEY FEATURES  • pH balanced • Formulated for sensitive skin • Foaming Cleanser • Amino Micellar Technlogy • CICA Complex","Ingredients
Water, Glycerin, Sodium Cocoyl Glycinate, Sodium Cocoyl Isethionate, Cocamidopropyl Betaine, Myristic Acid, Glycol Distearate, Acrylates Copolymer, Lauric Acid, PEG-120 Methyl Glucose Dioleate, Phenoxyethanol, Butylene Glycol, Caprylyl Glycol, Chlorphenesin, Sodium Hydroxide, Hydroxyethylcellulose, Disodium EDTA, Ethyl Linalool, Methyldihydrojasmonate, Centella Asiatica Extract, Zingiber Officinale (Ginger) Root Oil, Elettaria Cardamomum Seed Oil, Melaleuca Alternifolia (Tea Tree) Leaf Oil. Contains:  Preservatives",$11.99$8.01 Off RRP!,https://www.chemistwarehouse.com.au/buy/111527/neutrogena-deep-clean-gentle-foaming-cleanser-175g
9,Neutrogena Bright Boost Illuminating Serum 30ml,"Neutrogena Bright Boost Illuminating Serum awakens 100% of dull skin cells for visibly refreshed, instantly brighter skin.  Ignite your radiance with this resurfacing serum formulated with naturally derived Turmeric Extract and our highest concentration of brightening Amino sugar. Helps reduce visible imperfections and illuminates skin for improved tone, texture and clarity. Suitable for all skin tones. - Oil-free.- Alcohol-free.- Non-comedogenic. Formulated with: Accelerated Brightening Complex Powered by Amino Sugar and naturally derived Turmeric Extract. This dermatologist-preferred technology is clinically proven to work on all skin tones to resurface, brighten and smooth. Formulated to nourish and brighten the appearance of dull, tired looking skin. Helps improve uneven tone and smooth skin for a renewed, more radiant look today and tomorrow. Recommended Neutrogena Bright BoostTM Daily Regimen to brighten, smooth, and helps restore luminosity to tired-looking, dull skin: Size:  30mL Shelf Life in Days:  730 days","Ingredients
Water, Glycerin, Dimethicone, Acetyl Glucosamine, Propylene Glycol, Dimethiconol, Phenoxyethanol, Carbomer, Tetrahydrodiferuloylmethane, Hexylresorcinol, Disodium EDTA, Sodium Hydroxide, Dimethicone/Vinyl Dimethicone Crosspolymer, Pentylene Glycol, Fragrance, Amodimethicone, Ethylhexylglycerin, Silica, Mica, Titanium Dioxide.",$26.99$18.01 Off RRP!,https://www.chemistwarehouse.com.au/buy/99494/neutrogena-bright-boost-illuminating-serum-30ml
10,Neutrogena Deep Clean Purifying Cooling Gel Scrub 100g,"Neutrogena Deep Clean Purifying Cooling Gel Scrub targets impurities with gentle exfoliators for soft, healthy looking skin. The cooling gel scrub is specially designed to target skin impurities. It decongests pores from trapped dirt, make-up and oil that can cause breakouts, while Barrier Care technology helps preserve skin's essential moisture. With gentle exfoliators, it leaves skin deeply purified and feeling soft and fresh.Barrier Care cleansing technology.- Oil-Free.- Hypoallergenic.- Non-Comedogenic.- No added parabens.- Does not contain plastic microbeads.Dermatologist tested. Size:  100g Shelf Life in Days:  1095 days","Ingredients
Water, Sodium C14-16 Olefin Sulfonate, Cocamidopropyl Hydroxysultaine, Cellulose, Sorbitol, Acrylates Crosspolymer-4, Sodium Hydrolyzed Potato Starch Dodecenylsuccinate, Polysorbate 20, Salicyclic Acid, Glycolic Acid, Fragrance, Microcrystalline Wax, Sodium Hydroxide, Menthol, Disodium EDTA, Ferric Ferrocyanide (CI77510), Green 3 (CI42053).",$9.39$6.61 Off RRP!,https://www.chemistwarehouse.com.au/buy/86456/neutrogena-deep-clean-purifying-cooling-gel-scrub-100g
11,Neutrogena Hydro Boost 3D Treatment Mask Cream,"Neutrogena Hydro Boost 3D Treatment Mask helps you achieve 5 dimensions of ideal healthy skin - hydrated, luminous, bouncy, firm and smooth.  Our innovative Moisture Sensor Complex effectively replenishes moisture when you need it most whilst helping repair and rebuild the skin barrier to lock that moisture in. A unique formula that bounces back, 3D Treatment Mask improves the look of skin overnight to effectively recharge hydration so that you wake up to amazingly hydrated, soft and supple skin in the morning. The Science of HydrationHyaluronic Acid- Boost hydration for smooth, supple skin.Antioxidant Lemon Peel Formula- Helps to repair and reinforce the skin's barrier.Trehalose- Naturally found ingredient known for its moisture resurrection properties for added hydration lock. 10x more Hyaluronic Acid than one sheet mask (vs Neutrogena®Hydro Boost Mask). Size:  50g Shelf Life in Days:  1095 days","Ingredients
n/a",$22.00$8.99 Off RRP!,https://www.chemistwarehouse.com.au/buy/132078/neutrogena-hydro-boost-3d-treatment-mask-cream
12,Neutrogena Rapid Wrinkle Repair Retinol Pro+ Eye Cream 14g,"With 0.05% pure retinol and micropeptide, this eye cream targets wrinkles and dark circles.  For an experienced user, Neutrogena Retinol Pro+Eye Cream targets wrinkles and dark circles and provides rapid results.With 0.05% Pure Retinol, a form of Vitamin A and a dermatologist-proven powerhouse ingredient, and Micropeptide, that complements retinol and targets the visible effects of collagen-depleted skin.Clinically-proven results:Instantly: Smoother, more hydrated skin.In 1 week: See improved look of crow's feet, elasticity, and brighter-looking skin around the eyes.In 4 weeks: See improved look of dark circles, wrinkles and firmness.- Ophthalmologist & clinically tested- Fragrance free- Hypoallergenic- Formulated without fragrance, parabens, mineral oil, dyes and phthalates Size:  14g Shelf Life in Days:  730 days KEY FEATURES  • With Pure Retinol and Micropeptide • Formulated for powerful retinol results with less irritation • Fragrance Free • Clinically Tested • Ophthalmologisted Tested","Ingredients
Water, Pentaerythrityl Tetraethylhexanoate, Glycerin, PPG-15 Stearyl Ether, Dimethicone, Stearyl Alcohol, Cetearyl Alcohol, Butylene Glycol, Glyceryl Behenate, Ceteareth-20, Isohexadecane, Cellulose, Dimethicone Crosspolymer, Sodium Polyacrylate, Phenoxyethanol, Steareth-10, Caprylyl Glycol, Ammonium Acryloyldimethyltaurate/VP Copolymer, Glyceryl Dilaurate, Polyacrylamide, C13-14 Isoparaffin, Chlorphenesin, Hydrolyzed Myrtus Communis Leaf Extract, BHT, Sodium Hydroxide, Acetyl Dipeptide-31 Amide, Sodium Hyaluronate, Disodium EDTA, Laureth-7, Polysorbate 20, Retinol, Ascorbic Acid",$35.99$24.00 Off RRP!,https://www.chemistwarehouse.com.au/buy/122443/neutrogena-rapid-wrinkle-repair-retinol-pro-eye-cream-14g
13,Neutrogena Fragrance Free Extra Gentle Cleanser 200mL,"Neutrogena Extra Gentle Cleanser adds back moisture everytime you cleanse. Neutrogena Extra Gentle Cleanser-more than just gentle cleansing.Neutrogena Extra Gentle Cleanser provides more than just gentle cleansing for even the most sensitive skin. Every time you cleanse, its non-soap formula adds back moisture so skin retains resiliency and suppleness. Rich and non-irritating, it leaves skin more moisturised-without a filmy residue that can clog pores.- Dermatologist recommended - Fragrance-free - Non-comedogenic - Hypo-allergenic Suitable For:  Face and body Product Claims:  Neutrogena® Extra Gentle Cleanser provides more than just gentle cleansing for even the most sensitive skin. Every time you cleanse, its non-soap formula works in a skin-friendly way that helps moisturise, so skin retains its resiliency and suppleness. Rich and non-irritating, it leaves skin more moisturised - without a filmy residue that can clog pores.•  Dermatologically tested •  Fragrance-free•  Non-comedogenic •  Hypoallergenic•  Soap-free •  Dye-free(recycle heart icon) Designed with the Earth in Mind with less plastic**vs previous Neutrogena Extra Gentle Cleanser Size:  200mL Shelf Life in Days:  730 days","Ingredients
INGREDIENTS: Water, Glycerin, Cetearyl Alcohol, Polyglyceryl-10 Laurate, Phenoxyethanol, Cetearyl Glucoside, Caprylyl Glycol, Carbomer, Sodium Hydroxide, Ethylhexylglycerin.",$9.69$6.81 Off RRP!,https://www.chemistwarehouse.com.au/buy/36197/neutrogena-fragrance-free-extra-gentle-cleanser-200ml
14,Neutrogena Youthful Boost Smoothing Sleeping Mask 10mL,"Neutrogena Youthful Boost Smoothing Sleeping Mask is a single use mask that you can apply at night to help reduce the signs of ageing while you sleep. With Hyaluronic Acid that is naturally found in the skin and helps to replenish moisture continuously throughout the day, and Shea Butter Size:  10mL Shelf Life in Days:  730 days","Ingredients
Water, Glycerin, Butyrospermum Parkii (Shea) Butter, Caprylic/Capric Triglyceride, Ethylhexyl Palmitate, Dimethicone, Cetearyl Alcohol, 1,2- Hexanediol, Sorbitan Stearate, Glyceryl Stearate, PEG-100 Stearate, CI 77019 (Mica), Silica, Acrylates/C10-30 Alkyl Acrylate Crosspolymer, Caprylyl Glycol, Polysorbate 60, Phenoxyethanol, Sodium Acrylate/Sodium Acryloyldimethyl Taurate Copolymer, Tromethamine, Isohexadecane, Fragrance, Polysorbate 80, Adenosine, Disodium EDTA, Sucrose Cocoate, Hydrolyzed Hyaluronic Acid, Tremella Fuciformis Sporocarp Extract, Plukenetia Volubilis Seed Oil, Sodium Hyaluronate, CI 14700 (Red 4), CI 42090 (Blue 1), Tocopherol.",$3.99$3.01 Off RRP!,https://www.chemistwarehouse.com.au/buy/86466/neutrogena-youthful-boost-smoothing-sleeping-mask-10ml
15,Neutrogena Deep Clean Purifying Peel Off Mask 10g,"Neutrogena Purifying Boost Peel-Off Mask peels away skin impurities & unclogs pores to reveal soft, healthy looking skin. Neutrogena Purifying Boost Peel-Off Mask peels away skin impurities & unclogs pores to reveal soft, healthy looking skin.This unique mask is designed to removed dead skin cells and excess surface oil. It changes from a liquid to a soft solid mask and gently peels away skin-polluting impurities like dirt, oil & makeup. It unclogs pores trevealal clear, soft, healthy-looking skin.Easy to peel & no rinse off needed. Follow with your favourite Neutrogena moisturiser.Oil-free. Non-comedogenic. Single use mask. Size:  10g Shelf Life in Days:  730 days","Ingredients
Water, Polyvinyl Alcohol, Alcohol Denat., Glycerin, Styrene/Acrylates Copolymer, Polyvinyl Acetate, 1,2-Hexanediol, Phenoxyethanol, Fragrance, Caprylyl Glycol, Cellulose Gum, Xanthan Gum, Alcohol, Disodium EDTA, Lactic Acid, Glycolic Acid, Moringa Oleifera Seed Extract, Blue 1, Yellow 5.",$3.99$3.01 Off RRP!,https://www.chemistwarehouse.com.au/buy/90957/neutrogena-deep-clean-purifying-peel-off-mask-10g
16,Neutrogena Purifying Boost Purifying Hydrogel Mask 30g,"Neutrogena Purifying Boost Hydrogel Mask helps purify skin, contains anti-oxidants and leaves skin looking healthy and glowing. This unique hydrogel mask is formulated with a seed extract, Moringa, as well as a seaweed extract, known to purify skin for a healthy-looking complexion.This is no ordinary sheet mask. It is made of 100% hydrogel material which contours to your skin, sealing in the formula for optimal absorption and is clinically proven to hydrate.- Contains Moringa.- Non-comedogenic.- Gentle on skin.Seaweed Extract. Size:  30g Shelf Life in Days:  730 days","Ingredients
Water, Dipropylene Glycol, Propanediol, Ceratonia Siliqua (Carob) Gum, Xanthan Gum, Chondrus Crispus Extract, Phenoxyethanol, Chlorphenesin, PEG-60 Hydrogenated Castor Oil, Potassium Chloride, Fragrance, Disodium EDTA, Butyrospermum Parkii (Shea) Butter, Plukenetia Volubilis Seed Oil, Glycerin, Sucrose Cocoate, Moringa Oleifera Seed Extract, CI 42090 (Blue 1), CI 19140 (Yellow 5), Tocopherol.",$3.99$3.01 Off RRP!,https://www.chemistwarehouse.com.au/buy/86457/neutrogena-purifying-boost-purifying-hydrogel-mask-30g
